response_time_ms,request_size_bytes,requests_per_minute_from_ip,failed_login_attempts,refresh_token_calls_per_min,db_query_latency_ms,cpu_usage_percent,status_family,is_error,endpoint_risk_score,db_latency_spike,auth_failure_ratio,db_connection_errors,is_server_error,is_auth_endpoint,is_post_method,threat_label
61.0,344.85714285714283,7.0,5.0,0.0,40.57142857142857,22.999999999999996,3.4285714285714284,1.0,3.0,17.807359175810614,0.7142857142857143,0.0,0.0,1.0,1.0,brute_force
14.379310344827585,294.2413793103448,29.0,0.0,29.0,0.0,30.444827586206895,2.0,0.0,3.0,0.0,0.0,0.0,0.0,1.0,1.0,refresh_abuse
9.0,299.6,10.0,0.0,0.0,0.0,57.10999999999999,3.8,1.0,1.125,0.0,0.0,0.0,0.0,1.0,1.0,ddos
55.57142857142857,340.7142857142857,7.0,5.0,0.0,35.57142857142857,26.75714285714286,3.4285714285714284,1.0,3.0,11.59873321724825,0.7142857142857143,0.0,0.0,1.0,1.0,brute_force
13.1,325.6,10.0,0.0,2.0,0.0,59.45,3.8,1.0,1.5555555555555556,0.0,0.0,0.0,0.0,1.0,1.0,ddos
15.275862068965518,262.7241379310345,29.0,0.0,29.0,0.0,29.227586206896554,2.0,0.0,3.0,0.0,0.0,0.0,0.0,1.0,1.0,refresh_abuse
10.11111111111111,311.3333333333333,9.0,0.0,1.0,0.0,57.12222222222223,4.0,1.0,1.8333333333333333,0.0,0.0,0.0,0.0,1.0,1.0,ddos
11.384615384615385,185.46153846153845,13.0,0.0,1.0,0.0,57.75384615384616,4.0,1.0,1.3636363636363635,0.0,0.0,0.0,0.0,1.0,1.0,ddos
49.44444444444444,328.0,9.0,9.0,0.0,33.55555555555556,21.333333333333332,4.0,1.0,3.0,13.158107860522188,1.0,0.0,0.0,1.0,1.0,brute_force
14.363636363636363,247.8181818181818,11.0,0.0,0.0,0.0,58.309090909090905,4.0,1.0,1.0,0.0,0.0,0.0,0.0,1.0,1.0,ddos
13.125,342.125,8.0,0.0,0.0,0.0,54.462500000000006,4.0,1.0,1.0,0.0,0.0,0.0,0.0,0.0,1.0,ddos
15.692307692307692,287.5,26.0,0.0,26.0,0.0,28.784615384615385,2.0,0.0,3.0,0.0,0.0,0.0,0.0,1.0,1.0,refresh_abuse
50.666666666666664,225.0,6.0,6.0,0.0,31.166666666666668,24.633333333333336,4.0,1.0,3.0,15.137334272879384,1.0,0.0,0.0,1.0,1.0,brute_force
10.052631578947368,273.57894736842104,19.0,0.0,0.0,0.0,57.37894736842105,3.6842105263157894,1.0,1.2222222222222223,0.0,0.0,0.0,0.0,1.0,1.0,ddos
17.37037037037037,236.55555555555554,27.0,0.0,27.0,0.0,31.98888888888889,2.0,0.0,3.0,0.0,0.0,0.0,0.0,1.0,1.0,refresh_abuse
11.764705882352942,310.4117647058824,17.0,0.0,1.0,0.0,58.25882352941177,3.6470588235294117,1.0,1.375,0.0,0.0,0.0,0.0,1.0,1.0,ddos
48.142857142857146,332.57142857142856,14.0,11.0,0.0,32.857142857142854,24.228571428571428,3.5714285714285716,1.0,3.0,11.975314745980839,0.7857142857142857,0.0,0.0,1.0,1.0,brute_force
10.444444444444445,234.33333333333334,9.0,0.0,0.0,0.0,57.96666666666667,3.7777777777777777,1.0,1.3333333333333333,0.0,0.0,0.0,0.0,1.0,1.0,ddos
54.833333333333336,414.0,6.0,6.0,0.0,38.333333333333336,23.366666666666664,4.0,1.0,3.0,16.79947089113887,1.0,0.0,0.0,1.0,1.0,brute_force
9.571428571428571,310.85714285714283,7.0,0.0,1.0,0.0,60.3142857142857,3.7142857142857144,1.0,1.6666666666666667,0.0,0.0,0.0,0.0,1.0,1.0,ddos
10.2,247.6,10.0,0.0,3.0,0.0,68.78,3.8,1.0,1.5714285714285714,0.0,0.0,0.0,0.0,1.0,1.0,ddos
16.321428571428573,224.57142857142858,28.0,0.0,28.0,0.0,32.06785714285714,2.2142857142857144,1.0,3.0,0.0,0.0,0.0,0.0,1.0,1.0,refresh_abuse
19.483870967741936,283.3225806451613,31.0,0.0,31.0,0.0,29.790322580645164,2.129032258064516,1.0,3.0,0.0,0.0,0.0,0.0,1.0,1.0,refresh_abuse
10.916666666666666,342.4166666666667,12.0,0.0,0.0,0.0,62.98333333333333,3.9166666666666665,1.0,1.25,0.0,0.0,0.0,1.0,1.0,1.0,ddos
51.54545454545455,262.09090909090907,11.0,10.0,0.0,36.90909090909091,24.363636363636363,3.8181818181818183,1.0,3.0,12.018580656289474,0.9090909090909091,0.0,0.0,1.0,1.0,brute_force
10.333333333333334,323.0833333333333,12.0,0.0,1.0,0.0,67.31666666666666,3.5,1.0,1.4,0.0,0.0,0.0,0.0,1.0,1.0,ddos
47.42857142857143,133.57142857142858,7.0,6.0,0.0,26.142857142857142,26.985714285714288,3.7142857142857144,1.0,3.0,11.076726842845787,0.8571428571428571,0.0,0.0,1.0,1.0,brute_force
10.0,345.22222222222223,9.0,0.0,0.0,0.0,63.98888888888889,4.0,1.0,1.4,0.0,0.0,0.0,0.0,1.0,1.0,ddos
8.272727272727273,217.9090909090909,11.0,0.0,0.0,0.0,74.78181818181818,3.8181818181818183,1.0,1.2857142857142858,0.0,0.0,0.0,0.0,1.0,1.0,ddos
46.2,356.0,5.0,4.0,0.0,29.8,22.52,3.6,1.0,3.0,7.05407683541936,0.8,0.0,0.0,1.0,1.0,brute_force
4.615384615384615,289.0769230769231,13.0,0.0,3.0,0.0,83.49230769230768,4.3076923076923075,1.0,1.5714285714285714,0.0,0.0,0.0,1.0,1.0,1.0,ddos
17.78125,313.5,32.0,0.0,32.0,0.0,31.109375,2.5625,1.0,3.0,0.0,0.0,0.0,0.0,1.0,1.0,refresh_abuse
17.083333333333332,261.2916666666667,24.0,0.0,24.0,0.0,30.162499999999998,2.5,1.0,3.0,0.0,0.0,0.0,0.0,1.0,1.0,refresh_abuse
4.615384615384615,338.38461538461536,13.0,0.0,0.0,0.0,84.66153846153847,4.384615384615385,1.0,1.375,0.0,0.0,0.0,1.0,1.0,1.0,ddos
5.142857142857143,297.07142857142856,14.0,0.0,2.0,0.0,83.25714285714285,4.142857142857143,1.0,1.375,0.0,0.0,0.0,1.0,1.0,1.0,ddos
53.36363636363637,248.9090909090909,11.0,9.0,0.0,35.90909090909091,22.618181818181817,3.6363636363636362,1.0,3.0,12.383673602805688,0.8181818181818182,0.0,0.0,1.0,1.0,brute_force
5.555555555555555,340.77777777777777,9.0,0.0,0.0,0.0,87.04444444444445,4.111111111111111,1.0,1.3333333333333333,0.0,0.0,0.0,1.0,1.0,1.0,ddos
5.142857142857143,299.64285714285717,14.0,0.0,3.0,0.0,85.87142857142858,4.214285714285714,1.0,1.3333333333333333,0.0,0.0,0.0,1.0,1.0,1.0,ddos
58.44444444444444,225.88888888888889,9.0,8.0,0.0,37.55555555555556,28.211111111111112,3.7777777777777777,1.0,3.0,18.142100277231844,0.8888888888888888,0.0,0.0,1.0,1.0,brute_force
56.0,304.5,6.0,3.0,0.0,41.0,23.61666666666667,3.0,1.0,3.0,11.210114480533491,0.5,0.0,0.0,1.0,1.0,brute_force
18.258064516129032,291.48387096774195,31.0,0.0,31.0,0.0,30.406451612903222,2.4516129032258065,1.0,3.0,0.0,0.0,0.0,0.0,1.0,1.0,refresh_abuse
4.882352941176471,245.58823529411765,17.0,0.0,2.0,0.0,85.04117647058824,4.0,1.0,1.5555555555555556,0.0,0.0,0.0,0.0,1.0,1.0,ddos
4.8,263.2,5.0,0.0,0.0,0.0,83.66,4.4,1.0,1.6666666666666667,0.0,0.0,0.0,1.0,1.0,1.0,ddos
16.6,285.8285714285714,35.0,0.0,35.0,0.0,27.825714285714287,2.6285714285714286,1.0,3.0,0.0,0.0,0.0,0.0,1.0,1.0,refresh_abuse
62.833333333333336,302.5,6.0,6.0,0.0,45.166666666666664,26.433333333333334,4.0,1.0,3.0,14.622091353686569,1.0,0.0,0.0,1.0,1.0,brute_force
5.466666666666667,238.2,15.0,0.0,2.0,0.0,81.98,4.133333333333334,1.0,1.5,0.0,0.0,0.0,1.0,1.0,1.0,ddos
4.125,284.75,8.0,0.0,0.0,0.0,84.75,4.0,1.0,1.5,0.0,0.0,0.0,0.0,1.0,1.0,ddos
47.75,324.875,8.0,6.0,0.0,32.625,20.237499999999997,3.5,1.0,3.0,16.116276710208222,0.75,0.0,0.0,1.0,1.0,brute_force
4.117647058823529,286.0,17.0,0.0,0.0,0.0,82.83529411764707,4.235294117647059,1.0,1.1111111111111112,0.0,0.0,0.0,1.0,1.0,1.0,ddos
58.0,226.0,8.0,4.0,0.0,43.0,22.4,3.0,1.0,3.0,13.720422734012244,0.5,0.0,0.0,1.0,1.0,brute_force
55.57142857142857,234.71428571428572,7.0,6.0,0.0,45.0,24.657142857142855,3.7142857142857144,1.0,3.0,15.137465347370977,0.8571428571428571,0.0,0.0,1.0,1.0,brute_force
4.9,311.0,10.0,0.0,0.0,0.0,81.78999999999999,4.0,1.0,1.5,0.0,0.0,0.0,0.0,1.0,1.0,ddos
17.12,254.72,25.0,0.0,25.0,0.0,30.912,3.04,1.0,3.0,0.0,0.0,0.0,0.0,1.0,1.0,refresh_abuse
5.076923076923077,287.61538461538464,13.0,0.0,1.0,0.0,85.45384615384616,4.3076923076923075,1.0,1.5555555555555556,0.0,0.0,0.0,1.0,1.0,1.0,ddos
3.3333333333333335,184.88888888888889,9.0,0.0,0.0,0.0,86.32222222222222,4.222222222222222,1.0,1.375,0.0,0.0,0.0,1.0,1.0,1.0,ddos
48.333333333333336,233.44444444444446,9.0,7.0,0.0,31.666666666666668,26.666666666666668,3.5555555555555554,1.0,3.0,13.572848714334889,0.7777777777777778,0.0,0.0,1.0,1.0,brute_force
18.185185185185187,258.25925925925924,27.0,0.0,27.0,0.0,27.703703703703702,2.4444444444444446,1.0,3.0,0.0,0.0,0.0,0.0,1.0,1.0,refresh_abuse
4.769230769230769,309.15384615384613,13.0,0.0,0.0,0.0,85.09230769230768,4.153846153846154,1.0,1.125,0.0,0.0,0.0,1.0,1.0,1.0,ddos
4.75,272.5,12.0,0.0,3.0,0.0,88.01666666666665,4.0,1.0,1.7142857142857142,0.0,0.0,0.0,0.0,1.0,1.0,ddos
63.0,238.125,8.0,6.0,0.0,45.625,25.975,3.5,1.0,3.0,12.628712325490671,0.75,0.0,0.0,1.0,1.0,brute_force
17.0,270.72727272727275,33.0,0.0,33.0,0.0,32.11212121212122,2.787878787878788,1.0,3.0,0.0,0.0,0.0,0.0,1.0,1.0,refresh_abuse
16.974358974358974,274.1025641025641,39.0,0.0,39.0,0.0,29.599999999999998,2.717948717948718,1.0,3.0,0.0,0.0,0.0,0.0,1.0,1.0,refresh_abuse
58.916666666666664,298.1666666666667,12.0,11.0,0.0,41.583333333333336,26.175,3.8333333333333335,1.0,3.0,13.394391446505594,0.9166666666666666,0.0,0.0,1.0,1.0,brute_force
3.75,287.5833333333333,12.0,0.0,4.0,0.0,86.175,4.083333333333333,1.0,1.4285714285714286,0.0,0.0,0.0,1.0,1.0,1.0,ddos
4.384615384615385,290.84615384615387,13.0,0.0,2.0,0.0,87.5,4.076923076923077,1.0,1.3,0.0,0.0,0.0,1.0,1.0,1.0,ddos
53.625,269.125,8.0,8.0,0.0,36.75,28.4625,4.0,1.0,3.0,17.548148050435408,1.0,0.0,0.0,1.0,1.0,brute_force
4.0,285.0,9.0,0.0,2.0,0.0,84.94444444444444,4.111111111111111,1.0,1.5714285714285714,0.0,0.0,0.0,1.0,1.0,1.0,ddos
3.875,240.375,8.0,0.0,2.0,0.0,83.525,4.125,1.0,1.3333333333333333,0.0,0.0,0.0,1.0,1.0,1.0,ddos
5.25,277.25,12.0,0.0,0.0,0.0,79.02500000000002,4.083333333333333,1.0,1.125,0.0,0.0,0.0,1.0,1.0,1.0,ddos
55.8,325.2,5.0,5.0,0.0,36.0,23.6,4.0,1.0,3.0,12.016655108639842,1.0,0.0,0.0,1.0,1.0,brute_force
18.185185185185187,287.6296296296296,27.0,0.0,27.0,0.0,31.51481481481482,2.814814814814815,1.0,3.0,0.0,0.0,0.0,0.0,1.0,1.0,refresh_abuse
5.875,254.75,8.0,0.0,1.0,0.0,84.625,4.125,1.0,1.6666666666666667,0.0,0.0,0.0,1.0,1.0,1.0,ddos
53.166666666666664,199.91666666666666,12.0,12.0,0.0,35.0,24.150000000000002,4.0,1.0,3.0,10.770329614269007,1.0,0.0,0.0,1.0,1.0,brute_force
18.833333333333332,297.47222222222223,36.0,0.0,36.0,0.0,28.725000000000005,2.611111111111111,1.0,3.0,0.0,0.0,0.0,0.0,1.0,1.0,refresh_abuse
4.6875,252.3125,16.0,0.0,1.0,0.0,83.25625,4.0625,1.0,1.5555555555555556,0.0,0.0,0.0,1.0,1.0,1.0,ddos
57.5,283.7,10.0,10.0,0.0,44.6,26.080000000000002,4.0,1.0,3.0,14.766177569025778,1.0,0.0,0.0,1.0,1.0,brute_force
4.3076923076923075,316.0769230769231,13.0,0.0,0.0,0.0,85.0,4.3076923076923075,1.0,1.3,0.0,0.0,0.0,1.0,1.0,1.0,ddos
5.846153846153846,275.3076923076923,13.0,0.0,1.0,0.0,81.02307692307694,4.076923076923077,1.0,1.3636363636363635,0.0,0.0,0.0,1.0,1.0,1.0,ddos
45.5,184.0,4.0,4.0,0.0,30.75,22.4,4.0,1.0,3.0,13.790848414800301,1.0,0.0,0.0,1.0,1.0,brute_force
4.636363636363637,300.0,11.0,0.0,2.0,0.0,85.7818181818182,4.181818181818182,1.0,1.7142857142857142,0.0,0.0,0.0,1.0,1.0,1.0,ddos
17.16216216216216,313.5135135135135,37.0,0.0,37.0,0.0,29.2972972972973,2.810810810810811,1.0,3.0,0.0,0.0,0.0,0.0,1.0,1.0,refresh_abuse
3.6666666666666665,305.25,12.0,0.0,1.0,0.0,82.46666666666667,4.166666666666667,1.0,1.125,0.0,0.0,0.0,1.0,1.0,1.0,ddos
4.642857142857143,241.35714285714286,14.0,0.0,0.0,0.0,82.4357142857143,4.285714285714286,1.0,1.0,0.0,0.0,0.0,1.0,1.0,1.0,ddos
18.805555555555557,312.6111111111111,36.0,0.0,36.0,0.0,27.811111111111114,3.111111111111111,1.0,3.0,0.0,0.0,0.0,0.0,1.0,1.0,refresh_abuse
5.2631578947368425,263.10526315789474,19.0,0.0,0.0,0.0,84.5842105263158,4.052631578947368,1.0,1.25,0.0,0.0,0.0,1.0,1.0,1.0,ddos
60.42857142857143,324.42857142857144,7.0,7.0,0.0,46.857142857142854,22.971428571428568,4.0,1.0,3.0,13.746984827107896,1.0,0.0,0.0,1.0,1.0,brute_force
55.0,191.8,5.0,5.0,0.0,41.0,29.2,4.0,1.0,3.0,13.221195104830729,1.0,0.0,0.0,1.0,1.0,brute_force
56.2,213.1,10.0,10.0,0.0,42.5,18.16,4.0,1.0,3.0,12.093386622447824,1.0,0.0,0.0,1.0,1.0,brute_force
4.571428571428571,247.57142857142858,7.0,0.0,1.0,0.0,83.22857142857143,4.0,1.0,1.5,0.0,0.0,0.0,0.0,1.0,1.0,ddos
5.333333333333333,181.58333333333334,12.0,0.0,2.0,0.0,86.03333333333332,4.333333333333333,1.0,1.375,0.0,0.0,0.0,1.0,1.0,1.0,ddos
19.81578947368421,290.6578947368421,38.0,0.0,38.0,0.0,29.38157894736843,2.736842105263158,1.0,3.0,0.0,0.0,0.0,0.0,1.0,1.0,refresh_abuse
5.125,308.5625,16.0,0.0,1.0,0.0,85.70625000000001,4.125,1.0,1.3333333333333333,0.0,0.0,0.0,1.0,1.0,1.0,ddos
17.774193548387096,272.0967741935484,31.0,0.0,31.0,0.0,30.54838709677419,2.838709677419355,1.0,3.0,0.0,0.0,0.0,0.0,1.0,1.0,refresh_abuse
51.57142857142857,354.85714285714283,7.0,7.0,0.0,36.42857142857143,32.628571428571426,4.0,1.0,3.0,9.131689608283935,1.0,0.0,0.0,1.0,1.0,brute_force
4.714285714285714,284.14285714285717,14.0,0.0,0.0,0.0,85.08571428571429,4.142857142857143,1.0,1.2222222222222223,0.0,0.0,0.0,1.0,1.0,1.0,ddos
4.3,271.2,10.0,0.0,0.0,0.0,89.7,4.2,1.0,1.2,0.0,0.0,0.0,1.0,1.0,1.0,ddos
5.833333333333333,288.1666666666667,12.0,0.0,0.0,0.0,82.05833333333332,4.0,1.0,1.25,0.0,0.0,0.0,0.0,1.0,1.0,ddos
54.22222222222222,231.77777777777777,9.0,9.0,0.0,35.77777777777778,22.922222222222224,4.0,1.0,3.0,13.096036531695617,1.0,0.0,0.0,1.0,1.0,brute_force
43.75,280.5,8.0,8.0,0.0,30.25,28.0,4.0,1.0,3.0,9.730750228014282,1.0,0.0,0.0,1.0,1.0,brute_force
4.222222222222222,297.0,9.0,0.0,0.0,0.0,87.16666666666667,4.0,1.0,1.3333333333333333,0.0,0.0,0.0,0.0,1.0,1.0,ddos
60.55555555555556,227.11111111111111,9.0,9.0,0.0,47.666666666666664,21.477777777777774,4.0,1.0,3.0,10.077477638553983,1.0,0.0,0.0,1.0,1.0,brute_force
17.5,281.9166666666667,36.0,0.0,36.0,0.0,29.349999999999998,2.611111111111111,1.0,3.0,0.0,0.0,0.0,0.0,1.0,1.0,refresh_abuse
5.363636363636363,251.0909090909091,11.0,0.0,0.0,0.0,82.19090909090909,4.090909090909091,1.0,1.375,0.0,0.0,0.0,1.0,1.0,1.0,ddos
3.9375,343.0,16.0,0.0,3.0,0.0,84.7,4.125,1.0,1.5,0.0,0.0,0.0,1.0,1.0,1.0,ddos
50.9,329.6,10.0,10.0,0.0,37.8,26.54,4.0,1.0,3.0,16.479077644091614,1.0,0.0,0.0,1.0,1.0,brute_force
3.7,313.3,10.0,0.0,0.0,0.0,84.67,4.1,1.0,0.875,0.0,0.0,0.0,1.0,1.0,1.0,ddos
4.666666666666667,333.8888888888889,9.0,0.0,0.0,0.0,84.32222222222221,4.0,1.0,1.25,0.0,0.0,0.0,0.0,1.0,1.0,ddos
5.352941176470588,244.35294117647058,17.0,0.0,2.0,0.0,85.01764705882353,4.117647058823529,1.0,1.3636363636363635,0.0,0.0,0.0,1.0,1.0,1.0,ddos
46.833333333333336,380.8333333333333,6.0,6.0,0.0,32.833333333333336,22.400000000000002,4.0,1.0,3.0,11.231157059220966,1.0,0.0,0.0,1.0,1.0,brute_force
18.434782608695652,271.7391304347826,23.0,0.0,23.0,0.0,29.130434782608695,2.608695652173913,1.0,3.0,0.0,0.0,0.0,0.0,1.0,1.0,refresh_abuse
15.714285714285714,292.32142857142856,28.0,0.0,28.0,0.0,32.449999999999996,2.7857142857142856,1.0,3.0,0.0,0.0,0.0,0.0,1.0,1.0,refresh_abuse
46.25,322.75,4.0,4.0,0.0,38.0,22.075,4.0,1.0,3.0,12.529964086141668,1.0,0.0,0.0,1.0,1.0,brute_force
5.285714285714286,313.7142857142857,7.0,0.0,1.0,0.0,85.94285714285715,4.0,1.0,1.8,0.0,0.0,0.0,0.0,1.0,1.0,ddos
14.8,293.28,25.0,0.0,25.0,0.0,29.427999999999997,2.8,1.0,3.0,0.0,0.0,0.0,0.0,1.0,1.0,refresh_abuse
4.411764705882353,243.94117647058823,17.0,0.0,1.0,0.0,84.38823529411765,4.117647058823529,1.0,1.4545454545454546,0.0,0.0,0.0,1.0,1.0,1.0,ddos
4.583333333333333,296.8333333333333,12.0,0.0,1.0,0.0,83.68333333333334,4.166666666666667,1.0,1.5,0.0,0.0,0.0,1.0,1.0,1.0,ddos
49.75,351.3333333333333,12.0,12.0,0.0,34.416666666666664,22.691666666666663,4.0,1.0,3.0,12.880594793029639,1.0,0.0,0.0,1.0,1.0,brute_force
5.666666666666667,283.1666666666667,12.0,0.0,1.0,0.0,88.68333333333334,4.0,1.0,1.2222222222222223,0.0,0.0,0.0,0.0,1.0,1.0,ddos
4.785714285714286,270.14285714285717,14.0,0.0,1.0,0.0,82.89285714285714,4.214285714285714,1.0,1.625,0.0,0.0,0.0,1.0,1.0,1.0,ddos
49.875,316.5,8.0,8.0,0.0,36.5,27.5875,4.0,1.0,3.0,13.82931668593933,1.0,0.0,0.0,1.0,1.0,brute_force
18.166666666666668,275.2,30.0,0.0,30.0,0.0,31.089999999999996,2.6666666666666665,1.0,3.0,0.0,0.0,0.0,0.0,1.0,1.0,refresh_abuse
52.22222222222222,303.6666666666667,9.0,9.0,0.0,38.666666666666664,27.177777777777774,4.0,1.0,3.0,14.142135623730951,1.0,0.0,0.0,1.0,1.0,brute_force
5.0,328.75,12.0,0.0,0.0,0.0,82.45833333333333,4.0,1.0,1.1818181818181819,0.0,0.0,0.0,0.0,1.0,1.0,ddos
16.142857142857142,290.10714285714283,28.0,0.0,28.0,0.0,29.653571428571436,2.5,1.0,3.0,0.0,0.0,0.0,0.0,1.0,1.0,refresh_abuse
5.0,278.46153846153845,13.0,0.0,1.0,0.0,84.14615384615384,4.230769230769231,1.0,1.5,0.0,0.0,0.0,1.0,1.0,1.0,ddos
5.076923076923077,294.0769230769231,13.0,0.0,0.0,0.0,86.27692307692307,4.153846153846154,1.0,1.2857142857142858,0.0,0.0,0.0,1.0,1.0,1.0,ddos
53.7,384.2,10.0,10.0,0.0,37.9,28.6,4.0,1.0,3.0,10.270832488167645,1.0,0.0,0.0,1.0,1.0,brute_force
5.818181818181818,366.27272727272725,11.0,0.0,3.0,0.0,81.49090909090908,4.0,1.0,1.5,0.0,0.0,0.0,0.0,1.0,1.0,ddos
3.75,381.375,8.0,0.0,0.0,0.0,87.8375,4.25,1.0,1.2,0.0,0.0,0.0,1.0,1.0,1.0,ddos
45.75,256.75,4.0,4.0,0.0,25.0,27.15,4.0,1.0,3.0,8.031189202104505,1.0,0.0,0.0,1.0,1.0,brute_force
5.25,272.125,16.0,0.0,0.0,0.0,82.9625,4.25,1.0,1.2222222222222223,0.0,0.0,0.0,1.0,1.0,1.0,ddos
46.0,194.22222222222223,9.0,9.0,0.0,33.0,22.93333333333333,4.0,1.0,3.0,11.115554667022044,1.0,0.0,0.0,1.0,1.0,brute_force
15.296296296296296,262.81481481481484,27.0,0.0,27.0,0.0,30.833333333333332,2.5925925925925926,1.0,3.0,0.0,0.0,0.0,0.0,1.0,1.0,refresh_abuse
6.666666666666667,266.5,12.0,0.0,2.0,0.0,88.25000000000001,4.083333333333333,1.0,1.1111111111111112,0.0,0.0,0.0,1.0,1.0,1.0,ddos
17.90625,296.03125,32.0,0.0,32.0,0.0,29.803125,2.4375,1.0,3.0,0.0,0.0,0.0,0.0,1.0,1.0,refresh_abuse
4.583333333333333,212.0,12.0,0.0,1.0,0.0,83.1,4.166666666666667,1.0,1.4,0.0,0.0,0.0,1.0,1.0,1.0,ddos
54.333333333333336,253.16666666666666,6.0,6.0,0.0,38.166666666666664,31.033333333333342,4.0,1.0,3.0,11.126794486983012,1.0,0.0,0.0,1.0,1.0,brute_force
6.25,212.0,8.0,0.0,1.0,0.0,82.275,4.125,1.0,1.6666666666666667,0.0,0.0,0.0,1.0,1.0,1.0,ddos
55.4,320.5,10.0,10.0,0.0,41.0,21.88,4.0,1.0,3.0,14.913081505845799,1.0,0.0,0.0,1.0,1.0,brute_force
4.0,302.0,6.0,0.0,0.0,0.0,86.55000000000001,4.0,1.0,1.0,0.0,0.0,0.0,0.0,1.0,1.0,ddos
4.5,239.57142857142858,14.0,0.0,1.0,0.0,85.90714285714287,4.142857142857143,1.0,1.3636363636363635,0.0,0.0,0.0,1.0,1.0,1.0,ddos
17.17142857142857,264.85714285714283,35.0,0.0,35.0,0.0,29.359999999999996,2.5142857142857142,1.0,3.0,0.0,0.0,0.0,0.0,1.0,1.0,refresh_abuse
4.75,321.125,8.0,0.0,2.0,0.0,80.94999999999999,4.375,1.0,1.1666666666666667,0.0,0.0,0.0,1.0,1.0,1.0,ddos
15.26086956521739,288.9130434782609,23.0,0.0,23.0,0.0,29.7304347826087,3.0434782608695654,1.0,3.0,0.0,0.0,0.0,0.0,1.0,1.0,refresh_abuse
4.684210526315789,314.2105263157895,19.0,0.0,1.0,0.0,84.69473684210527,4.105263157894737,1.0,1.625,0.0,0.0,0.0,1.0,1.0,1.0,ddos
54.55555555555556,256.77777777777777,9.0,9.0,0.0,38.888888888888886,25.311111111111114,4.0,1.0,3.0,15.81451122963017,1.0,0.0,0.0,1.0,1.0,brute_force
54.0,170.5,6.0,6.0,0.0,41.666666666666664,24.266666666666666,4.0,1.0,3.0,14.693157893689461,1.0,0.0,0.0,1.0,1.0,brute_force
5.461538461538462,307.46153846153845,13.0,0.0,2.0,0.0,84.89230769230768,4.0,1.0,1.3333333333333333,0.0,0.0,0.0,0.0,1.0,1.0,ddos
53.77777777777778,284.0,9.0,9.0,0.0,41.55555555555556,23.744444444444447,4.0,1.0,3.0,8.207193472275284,1.0,0.0,0.0,1.0,1.0,brute_force
5.888888888888889,347.0,9.0,0.0,1.0,0.0,85.45555555555556,4.0,1.0,1.5714285714285714,0.0,0.0,0.0,0.0,1.0,1.0,ddos
5.055555555555555,293.3888888888889,18.0,0.0,3.0,0.0,84.6388888888889,4.166666666666667,1.0,1.5,0.0,0.0,0.0,1.0,1.0,1.0,ddos
17.153846153846153,295.3076923076923,39.0,0.0,39.0,0.0,28.528205128205126,2.4615384615384617,1.0,3.0,0.0,0.0,0.0,0.0,1.0,1.0,refresh_abuse
52.5,279.1,10.0,10.0,0.0,41.1,28.93,4.0,1.0,3.0,14.638647478507021,1.0,0.0,0.0,1.0,1.0,brute_force
4.6,243.4,10.0,0.0,0.0,0.0,82.19000000000001,4.2,1.0,1.0,0.0,0.0,0.0,1.0,1.0,1.0,ddos
5.266666666666667,316.8666666666667,15.0,0.0,3.0,0.0,82.71333333333332,4.2,1.0,1.5,0.0,0.0,0.0,1.0,1.0,1.0,ddos
52.44444444444444,300.6666666666667,9.0,9.0,0.0,34.333333333333336,23.244444444444447,4.0,1.0,3.0,11.794537341969422,1.0,0.0,0.0,1.0,1.0,brute_force
17.142857142857142,313.0357142857143,28.0,0.0,28.0,0.0,27.92142857142857,2.7857142857142856,1.0,3.0,0.0,0.0,0.0,0.0,1.0,1.0,refresh_abuse
6.818181818181818,280.54545454545456,11.0,0.0,2.0,0.0,85.73636363636365,4.0,1.0,1.5714285714285714,0.0,0.0,0.0,0.0,1.0,1.0,ddos
56.75,261.75,4.0,4.0,0.0,48.0,31.525000000000002,4.0,1.0,3.0,12.708265027138834,1.0,0.0,0.0,1.0,1.0,brute_force
6.2,345.3,10.0,0.0,3.0,0.0,86.44000000000001,4.1,1.0,1.375,0.0,0.0,0.0,1.0,1.0,1.0,ddos
19.074074074074073,314.22222222222223,27.0,0.0,27.0,0.0,31.20740740740741,2.5925925925925926,1.0,3.0,0.0,0.0,0.0,0.0,1.0,1.0,refresh_abuse
19.771428571428572,249.88571428571427,35.0,0.0,35.0,0.0,28.191428571428574,2.8,1.0,3.0,0.0,0.0,0.0,0.0,1.0,1.0,refresh_abuse
49.54545454545455,244.54545454545453,11.0,11.0,0.0,37.90909090909091,28.64545454545455,4.0,1.0,3.0,14.041850081773706,1.0,0.0,0.0,1.0,1.0,brute_force
4.461538461538462,294.84615384615387,13.0,0.0,3.0,0.0,84.86923076923077,4.153846153846154,1.0,1.7142857142857142,0.0,0.0,0.0,1.0,1.0,1.0,ddos
4.454545454545454,271.3636363636364,11.0,0.0,0.0,0.0,84.56363636363635,4.0,1.0,1.2857142857142858,0.0,0.0,0.0,0.0,1.0,1.0,ddos
5.6,294.6,10.0,0.0,1.0,0.0,89.76000000000002,4.1,1.0,1.5714285714285714,0.0,0.0,0.0,1.0,1.0,1.0,ddos
55.142857142857146,227.85714285714286,7.0,7.0,0.0,41.0,26.485714285714288,4.0,1.0,3.0,15.964245765370277,1.0,0.0,0.0,1.0,1.0,brute_force
4.909090909090909,267.72727272727275,11.0,0.0,1.0,0.0,83.90909090909092,4.2727272727272725,1.0,1.5555555555555556,0.0,0.0,0.0,1.0,1.0,1.0,ddos
5.0,328.3333333333333,9.0,0.0,0.0,0.0,82.93333333333334,4.111111111111111,1.0,1.0,0.0,0.0,0.0,1.0,1.0,1.0,ddos
43.333333333333336,331.3333333333333,3.0,3.0,0.0,33.0,35.199999999999996,4.0,1.0,3.0,17.682382946499793,1.0,0.0,0.0,1.0,1.0,brute_force
19.11111111111111,328.3333333333333,27.0,0.0,27.0,0.0,31.71111111111111,2.6666666666666665,1.0,3.0,0.0,0.0,0.0,0.0,1.0,1.0,refresh_abuse
52.0,291.1111111111111,9.0,9.0,0.0,38.55555555555556,27.177777777777777,4.0,1.0,3.0,13.73649729824497,1.0,0.0,0.0,1.0,1.0,brute_force
5.857142857142857,307.8095238095238,21.0,0.0,2.0,0.0,84.92380952380952,4.0476190476190474,1.0,1.3636363636363635,0.0,0.0,0.0,1.0,1.0,1.0,ddos
4.25,316.5,8.0,0.0,1.0,0.0,83.9875,4.0,1.0,1.5,0.0,0.0,0.0,0.0,1.0,1.0,ddos
17.29032258064516,307.06451612903226,31.0,0.0,31.0,0.0,31.690322580645166,2.7096774193548385,1.0,3.0,0.0,0.0,0.0,0.0,1.0,1.0,refresh_abuse
5.4,305.9,10.0,0.0,1.0,0.0,87.10999999999999,4.0,1.0,1.5,0.0,0.0,0.0,0.0,1.0,1.0,ddos
5.117647058823529,323.94117647058823,17.0,0.0,0.0,0.0,85.60588235294118,4.176470588235294,1.0,1.3333333333333333,0.0,0.0,0.0,1.0,1.0,1.0,ddos
5.125,312.75,8.0,0.0,0.0,0.0,85.88749999999999,4.125,1.0,1.6,0.0,0.0,0.0,1.0,1.0,1.0,ddos
50.44444444444444,345.8888888888889,9.0,9.0,0.0,35.44444444444444,21.866666666666664,4.0,1.0,3.0,13.921295526487556,1.0,0.0,0.0,1.0,1.0,brute_force
58.833333333333336,267.0,6.0,6.0,0.0,39.833333333333336,26.45,4.0,1.0,3.0,9.316949906249123,1.0,0.0,0.0,1.0,1.0,brute_force
17.384615384615383,305.34615384615387,26.0,0.0,26.0,0.0,30.176923076923078,3.0,1.0,3.0,0.0,0.0,0.0,0.0,1.0,1.0,refresh_abuse
15.724137931034482,261.55172413793105,29.0,0.0,29.0,0.0,32.47586206896551,2.689655172413793,1.0,3.0,0.0,0.0,0.0,0.0,1.0,1.0,refresh_abuse
4.5,293.5,16.0,0.0,2.0,0.0,84.8875,4.0625,1.0,1.5,0.0,0.0,0.0,1.0,1.0,1.0,ddos
7.0,214.14285714285714,7.0,0.0,1.0,0.0,82.85714285714286,4.142857142857143,1.0,1.8,0.0,0.0,0.0,1.0,1.0,1.0,ddos
47.0,304.6666666666667,9.0,9.0,0.0,31.666666666666668,24.055555555555557,4.0,1.0,3.0,14.704496666741854,1.0,0.0,0.0,1.0,1.0,brute_force
4.666666666666667,239.75,12.0,0.0,0.0,0.0,84.53333333333332,4.0,1.0,1.3333333333333333,0.0,0.0,0.0,0.0,1.0,1.0,ddos
52.0,260.8888888888889,9.0,9.0,0.0,31.333333333333332,28.133333333333336,4.0,1.0,3.0,11.075498483890767,1.0,0.0,0.0,1.0,1.0,brute_force
4.916666666666667,340.6666666666667,12.0,0.0,1.0,0.0,85.575,4.333333333333333,1.0,1.5555555555555556,0.0,0.0,0.0,1.0,1.0,1.0,ddos
3.2222222222222223,368.0,9.0,0.0,1.0,0.0,84.44444444444444,4.111111111111111,1.0,1.5,0.0,0.0,0.0,1.0,1.0,1.0,ddos
52.42857142857143,326.57142857142856,7.0,7.0,0.0,39.57142857142857,27.928571428571423,4.0,1.0,3.0,11.962526523119042,1.0,0.0,0.0,1.0,1.0,brute_force
6.333333333333333,304.8333333333333,6.0,0.0,0.0,0.0,82.98333333333333,4.0,1.0,1.5,0.0,0.0,0.0,0.0,1.0,1.0,ddos
6.0,165.0,3.0,0.0,0.0,0.0,87.90000000000002,4.333333333333333,1.0,1.0,0.0,0.0,0.0,1.0,0.0,0.0,ddos
49.54545454545455,263.1818181818182,11.0,11.0,0.0,31.636363636363637,23.9,4.0,1.0,3.0,13.81219966204269,1.0,0.0,0.0,1.0,1.0,brute_force
46.0,405.875,8.0,8.0,0.0,35.875,23.0875,4.0,1.0,3.0,11.634404797839897,1.0,0.0,0.0,1.0,1.0,brute_force
4.6,406.6,5.0,0.0,0.0,0.0,80.91999999999999,4.0,1.0,1.2,0.0,0.0,0.0,0.0,1.0,1.0,ddos
6.833333333333333,236.5,6.0,0.0,0.0,0.0,90.73333333333333,4.0,1.0,1.2,0.0,0.0,0.0,0.0,1.0,1.0,ddos
5.0,347.75,4.0,0.0,0.0,0.0,80.55000000000001,4.0,1.0,1.75,0.0,0.0,0.0,0.0,1.0,1.0,ddos
43.2,248.2,5.0,5.0,0.0,30.6,21.259999999999998,4.0,1.0,3.0,8.064738061462382,1.0,0.0,0.0,1.0,1.0,brute_force
49.46153846153846,262.15384615384613,13.0,13.0,0.0,35.61538461538461,25.592307692307696,4.0,1.0,3.0,13.18238020726887,1.0,0.0,0.0,1.0,1.0,brute_force
51.8,204.1,10.0,10.0,0.0,39.3,24.4,4.0,1.0,3.0,10.936635680134911,1.0,0.0,0.0,1.0,1.0,brute_force
45.75,273.0,4.0,4.0,0.0,32.0,25.349999999999998,4.0,1.0,3.0,20.38381711063951,1.0,0.0,0.0,1.0,1.0,brute_force
52.8,343.8,10.0,10.0,0.0,38.4,21.249999999999996,4.0,1.0,3.0,15.976232346833218,1.0,0.0,0.0,1.0,1.0,brute_force
59.285714285714285,193.71428571428572,7.0,7.0,0.0,47.285714285714285,22.042857142857144,4.0,1.0,3.0,9.632004474878613,1.0,0.0,0.0,1.0,1.0,brute_force
61.5,192.83333333333334,6.0,6.0,0.0,43.0,26.316666666666666,4.0,1.0,3.0,12.436505404118419,1.0,0.0,0.0,1.0,1.0,brute_force
47.36363636363637,215.8181818181818,11.0,11.0,0.0,33.09090909090909,25.85454545454546,4.0,1.0,3.0,11.851003374893432,1.0,0.0,0.0,1.0,1.0,brute_force
53.6,227.0,5.0,5.0,0.0,44.2,23.419999999999998,4.0,1.0,3.0,9.744742172063868,1.0,0.0,0.0,1.0,1.0,brute_force
57.7,260.9,10.0,10.0,0.0,44.2,27.669999999999998,4.0,1.0,3.0,15.276125163142648,1.0,0.0,0.0,1.0,1.0,brute_force
47.77777777777778,288.1111111111111,9.0,9.0,0.0,29.444444444444443,20.322222222222223,4.0,1.0,3.0,13.483414594819907,1.0,0.0,0.0,1.0,1.0,brute_force
67.16666666666667,200.83333333333334,6.0,6.0,0.0,47.666666666666664,24.316666666666666,4.0,1.0,3.0,13.99603118347801,1.0,0.0,0.0,1.0,1.0,brute_force
56.2,336.4,10.0,10.0,0.0,39.0,24.36,4.0,1.0,3.0,17.16391563717324,1.0,0.0,0.0,1.0,1.0,brute_force
57.875,317.25,8.0,8.0,0.0,39.375,19.675,4.0,1.0,3.0,15.763387167737777,1.0,0.0,0.0,1.0,1.0,brute_force
47.57142857142857,189.85714285714286,7.0,7.0,0.0,33.42857142857143,27.928571428571427,4.0,1.0,3.0,9.147320339189784,1.0,0.0,0.0,1.0,1.0,brute_force
49.0,238.66666666666666,6.0,6.0,0.0,31.333333333333332,31.833333333333332,4.0,1.0,3.0,8.517954892787092,1.0,0.0,0.0,1.0,1.0,brute_force
61.333333333333336,314.0,9.0,9.0,0.0,48.77777777777778,21.766666666666666,4.0,1.0,3.0,8.625257197811267,1.0,0.0,0.0,1.0,1.0,brute_force
49.5,206.25,8.0,8.0,0.0,37.125,23.775,4.0,1.0,3.0,8.866192813152667,1.0,0.0,0.0,1.0,1.0,brute_force
38.2,331.4,5.0,5.0,0.0,32.4,25.22,4.0,1.0,3.0,11.672189169131899,1.0,0.0,0.0,1.0,1.0,brute_force
43.5,359.3333333333333,6.0,6.0,0.0,23.333333333333332,25.216666666666665,4.0,1.0,3.0,7.866949147470631,1.0,0.0,0.0,1.0,1.0,brute_force
47.77777777777778,254.33333333333334,9.0,9.0,0.0,37.333333333333336,22.133333333333333,4.0,1.0,3.0,12.927146286443545,1.0,0.0,0.0,1.0,1.0,brute_force
43.375,264.625,8.0,8.0,0.0,31.25,23.725,4.0,1.0,3.0,11.787175234126284,1.0,0.0,0.0,1.0,1.0,brute_force
48.0,331.4,5.0,5.0,0.0,34.6,30.560000000000002,4.0,1.0,3.0,13.365627557282899,1.0,0.0,0.0,1.0,1.0,brute_force
51.857142857142854,330.85714285714283,7.0,7.0,0.0,40.57142857142857,28.557142857142857,4.0,1.0,3.0,14.52935101153271,1.0,0.0,0.0,1.0,1.0,brute_force
61.55555555555556,258.0,9.0,9.0,0.0,42.44444444444444,23.11111111111111,4.0,1.0,3.0,12.428561292541835,1.0,0.0,0.0,1.0,1.0,brute_force
56.63636363636363,272.45454545454544,11.0,11.0,0.0,39.45454545454545,23.718181818181815,4.0,1.0,3.0,10.71416764988079,1.0,0.0,0.0,1.0,1.0,brute_force
44.57142857142857,249.71428571428572,7.0,7.0,0.0,30.285714285714285,23.700000000000006,4.0,1.0,3.0,15.415338240247097,1.0,0.0,0.0,1.0,1.0,brute_force
42.666666666666664,297.3333333333333,3.0,3.0,0.0,30.0,22.633333333333336,4.0,1.0,3.0,12.192894105447921,1.0,0.0,0.0,1.0,1.0,brute_force
56.5,209.0,8.0,8.0,0.0,42.375,18.325,4.0,1.0,3.0,12.195670338279893,1.0,0.0,0.0,1.0,1.0,brute_force
59.166666666666664,279.5833333333333,12.0,12.0,0.0,40.833333333333336,23.516666666666666,4.0,1.0,3.0,14.93783414317112,1.0,0.0,0.0,1.0,1.0,brute_force
55.166666666666664,300.8333333333333,6.0,6.0,0.0,40.5,25.633333333333336,4.0,1.0,3.0,10.19395245558202,1.0,0.0,0.0,1.0,1.0,brute_force
56.833333333333336,310.1666666666667,6.0,6.0,0.0,41.166666666666664,18.416666666666668,4.0,1.0,3.0,9.26312882106017,1.0,0.0,0.0,1.0,1.0,brute_force
57.625,320.0,8.0,8.0,0.0,38.125,26.0625,4.0,1.0,3.0,13.788015629524068,1.0,0.0,0.0,1.0,1.0,brute_force
59.1,285.7,10.0,10.0,0.0,44.7,26.610000000000003,4.0,1.0,3.0,13.386933928274987,1.0,0.0,0.0,1.0,1.0,brute_force
55.0,236.8181818181818,11.0,11.0,0.0,41.54545454545455,24.218181818181822,4.0,1.0,3.0,13.982870276056516,1.0,0.0,0.0,1.0,1.0,brute_force
44.666666666666664,229.0,6.0,6.0,0.0,28.333333333333332,28.100000000000005,4.0,1.0,3.0,5.2493385826745405,1.0,0.0,0.0,1.0,1.0,brute_force
44.55555555555556,267.55555555555554,9.0,9.0,0.0,28.0,26.2,4.0,1.0,3.0,9.439868172337532,1.0,0.0,0.0,1.0,1.0,brute_force
55.666666666666664,267.6666666666667,12.0,12.0,0.0,40.75,26.00833333333334,4.0,1.0,3.0,15.22128443988877,1.0,0.0,0.0,1.0,1.0,brute_force
46.5,320.8333333333333,6.0,6.0,0.0,34.166666666666664,25.166666666666668,4.0,1.0,3.0,8.254628331359863,1.0,0.0,0.0,1.0,1.0,brute_force
46.625,338.625,8.0,8.0,0.0,35.625,26.0375,4.0,1.0,3.0,10.605865122657368,1.0,0.0,0.0,1.0,1.0,brute_force
54.666666666666664,358.0,9.0,9.0,0.0,38.111111111111114,26.333333333333336,4.0,1.0,3.0,11.798723513296252,1.0,0.0,0.0,1.0,1.0,brute_force
45.36363636363637,314.09090909090907,11.0,11.0,0.0,28.818181818181817,25.481818181818184,4.0,1.0,3.0,11.48768654467732,1.0,0.0,0.0,1.0,1.0,brute_force
51.5,214.5,4.0,4.0,0.0,37.75,31.65,4.0,1.0,3.0,8.554969316134336,1.0,0.0,0.0,1.0,1.0,brute_force
52.42857142857143,274.85714285714283,7.0,7.0,0.0,34.285714285714285,31.45714285714286,4.0,1.0,3.0,11.74386509403692,1.0,0.0,0.0,1.0,1.0,brute_force
49.5,192.5,8.0,8.0,0.0,33.0,23.762500000000003,4.0,1.0,3.0,10.793516572461451,1.0,0.0,0.0,1.0,1.0,brute_force
50.375,333.0,8.0,8.0,0.0,31.75,24.849999999999998,4.0,1.0,3.0,10.145811943851513,1.0,0.0,0.0,1.0,1.0,brute_force
42.09090909090909,298.72727272727275,11.0,11.0,0.0,31.0,23.463636363636365,4.0,1.0,3.0,10.937840903778206,1.0,0.0,0.0,1.0,1.0,brute_force
57.285714285714285,260.42857142857144,7.0,7.0,0.0,41.285714285714285,23.185714285714287,4.0,1.0,3.0,9.066646658641389,1.0,0.0,0.0,1.0,1.0,brute_force
46.42857142857143,286.0,7.0,7.0,0.0,34.857142857142854,26.099999999999998,4.0,1.0,3.0,12.822174669895356,1.0,0.0,0.0,1.0,1.0,brute_force
47.714285714285715,287.14285714285717,7.0,7.0,0.0,37.714285714285715,23.4,4.0,1.0,3.0,12.679728317439677,1.0,0.0,0.0,1.0,1.0,brute_force
56.54545454545455,254.63636363636363,11.0,11.0,0.0,39.90909090909091,23.636363636363637,4.0,1.0,3.0,12.346913824585297,1.0,0.0,0.0,1.0,1.0,brute_force
38.833333333333336,271.3333333333333,6.0,6.0,0.0,27.166666666666668,23.433333333333334,4.0,1.0,3.0,14.099842394706245,1.0,0.0,0.0,1.0,1.0,brute_force
48.77777777777778,309.0,9.0,9.0,0.0,35.55555555555556,26.444444444444443,4.0,1.0,3.0,8.833158628600795,1.0,0.0,0.0,1.0,1.0,brute_force
55.55555555555556,320.44444444444446,9.0,9.0,0.0,37.888888888888886,26.744444444444444,4.0,1.0,3.0,14.677605348469896,1.0,0.0,0.0,1.0,1.0,brute_force
47.0,349.7142857142857,7.0,7.0,0.0,32.285714285714285,26.24285714285714,4.0,1.0,3.0,10.859022393702796,1.0,0.0,0.0,1.0,1.0,brute_force
63.375,289.25,8.0,8.0,0.0,42.5,23.275000000000002,4.0,1.0,3.0,17.874562931719478,1.0,0.0,0.0,1.0,1.0,brute_force
48.25,260.5,4.0,4.0,0.0,36.5,27.7,4.0,1.0,3.0,10.428326807307105,1.0,0.0,0.0,1.0,1.0,brute_force
50.54545454545455,261.72727272727275,11.0,11.0,0.0,30.454545454545453,24.036363636363635,4.0,1.0,3.0,9.902833720833614,1.0,0.0,0.0,1.0,1.0,brute_force
53.7,239.0,10.0,10.0,0.0,39.6,20.580000000000002,4.0,1.0,3.0,13.46996659238619,1.0,0.0,0.0,1.0,1.0,brute_force
58.45454545454545,306.3636363636364,11.0,11.0,0.0,38.45454545454545,21.10909090909091,4.0,1.0,3.0,11.56297882635971,1.0,0.0,0.0,1.0,1.0,brute_force
58.333333333333336,314.1666666666667,6.0,6.0,0.0,36.333333333333336,21.166666666666668,4.0,1.0,3.0,16.35712552851373,1.0,0.0,0.0,1.0,1.0,brute_force
55.4,360.3,10.0,10.0,0.0,40.5,27.35,4.0,1.0,3.0,12.57179382586272,1.0,0.0,0.0,1.0,1.0,brute_force
54.333333333333336,276.8333333333333,6.0,6.0,0.0,38.5,23.266666666666666,4.0,1.0,3.0,15.063753405664428,1.0,0.0,0.0,1.0,1.0,brute_force
61.55555555555556,290.8888888888889,9.0,9.0,0.0,45.22222222222222,26.27777777777778,4.0,1.0,3.0,10.293231624905301,1.0,0.0,0.0,1.0,1.0,brute_force
58.09090909090909,313.27272727272725,11.0,11.0,0.0,42.63636363636363,28.918181818181814,4.0,1.0,3.0,12.397013769986026,1.0,0.0,0.0,1.0,1.0,brute_force
58.42857142857143,259.57142857142856,7.0,7.0,0.0,46.42857142857143,24.514285714285716,4.0,1.0,3.0,10.768434597167287,1.0,0.0,0.0,1.0,1.0,brute_force
52.285714285714285,337.14285714285717,7.0,7.0,0.0,36.142857142857146,27.67142857142857,4.0,1.0,3.0,12.54054648420271,1.0,0.0,0.0,1.0,1.0,brute_force
61.857142857142854,229.28571428571428,7.0,7.0,0.0,47.285714285714285,21.814285714285713,4.0,1.0,3.0,15.396792668922833,1.0,0.0,0.0,1.0,1.0,brute_force
44.833333333333336,216.25,12.0,12.0,0.0,34.083333333333336,22.058333333333337,4.0,1.0,3.0,13.363247692417023,1.0,0.0,0.0,1.0,1.0,brute_force
54.5,280.0,4.0,4.0,0.0,37.0,26.750000000000004,4.0,1.0,3.0,18.096961070853858,1.0,0.0,0.0,1.0,1.0,brute_force
45.111111111111114,301.55555555555554,9.0,9.0,0.0,31.11111111111111,27.56666666666667,4.0,1.0,3.0,11.39633902662941,1.0,0.0,0.0,1.0,1.0,brute_force
49.5,148.0,4.0,4.0,0.0,39.0,20.8,4.0,1.0,3.0,14.611639196202457,1.0,0.0,0.0,1.0,1.0,brute_force
61.0,267.6666666666667,12.0,12.0,0.0,46.5,24.616666666666664,4.0,1.0,3.0,13.573871960498227,1.0,0.0,0.0,1.0,1.0,brute_force
49.44444444444444,286.55555555555554,9.0,9.0,0.0,36.0,29.43333333333333,4.0,1.0,3.0,10.099504938362077,1.0,0.0,0.0,1.0,1.0,brute_force
50.42857142857143,232.71428571428572,7.0,7.0,0.0,41.57142857142857,27.071428571428577,4.0,1.0,3.0,13.531520269959563,1.0,0.0,0.0,1.0,1.0,brute_force
52.42857142857143,336.2857142857143,7.0,7.0,0.0,38.285714285714285,19.37142857142857,4.0,1.0,3.0,14.007286733434604,1.0,0.0,0.0,1.0,1.0,brute_force
44.0,313.6,10.0,10.0,0.0,31.5,24.950000000000003,4.0,1.0,3.0,8.845903006477066,1.0,0.0,0.0,1.0,1.0,brute_force
50.5,310.4,10.0,10.0,0.0,37.2,28.209999999999997,4.0,1.0,3.0,16.6,1.0,0.0,0.0,1.0,1.0,brute_force
59.77777777777778,321.8888888888889,9.0,9.0,0.0,48.22222222222222,25.266666666666666,4.0,1.0,3.0,13.611904738767604,1.0,0.0,0.0,1.0,1.0,brute_force
48.5,327.1,10.0,10.0,0.0,31.3,23.770000000000003,4.0,1.0,3.0,12.514391715141413,1.0,0.0,0.0,1.0,1.0,brute_force
46.125,322.5,8.0,8.0,0.0,30.0,25.1875,4.0,1.0,3.0,12.68857754044952,1.0,0.0,0.0,1.0,1.0,brute_force
39.42857142857143,328.42857142857144,7.0,7.0,0.0,25.428571428571427,23.714285714285715,4.0,1.0,3.0,8.015291508060306,1.0,0.0,0.0,1.0,1.0,brute_force
42.666666666666664,308.5,6.0,6.0,0.0,28.0,23.533333333333335,4.0,1.0,3.0,6.110100926607787,1.0,0.0,0.0,1.0,1.0,brute_force
48.75,172.0,4.0,4.0,0.0,36.75,24.424999999999997,4.0,1.0,3.0,11.861176164276458,1.0,0.0,0.0,1.0,1.0,brute_force
49.5,352.5,4.0,4.0,0.0,32.25,24.025000000000002,4.0,1.0,3.0,11.755317945508747,1.0,0.0,0.0,1.0,1.0,brute_force
